G1;G2;G3;COD;NOM;BAR;MRK;MED;FAB;CLS;IVA
MERCADERIAS;ACCESORIOS DE CABELLO;CEPILLOS/PEINILLAS;023275;CEPILLO DE CABELLO RECTANG V/COL 820222 S-050 0509;6300933480509;-;;;01;IVA
MERCADERIAS;ACCESORIOS DE CABELLO;DIADEMAS Y CINTILLOS;010501;DIADEMAS HORA LOCA;010501;-;;;01;IVA
MERCADERIAS;ACCESORIOS DE CABELLO;GORRAS;010463;GORRA VASARI SOY LUNA DGI168495-VD T8;7862125774821;MOZIONI;;;01;IVA
MERCADERIAS;ACCESORIOS DE CABELLO;VINCHAS;029274;VINCHA NG SET X2 UND;029274;-;;;01;IVA
MERCADERIAS;ACCESORIOS DE MODA;LLAVEROS;025593;LLAVERO METAL HOMBRE 14070 1935-21;025593;CREANDO;;;01;IVA
MERCADERIAS;ACCESORIOS DE MODA;LLAVEROS;012104;LLAVERO PORTATARJETA PERRO DEAN RUSO ID HOLDER;012104;TOTTO;;;01;IVA
MERCADERIAS;ACCESORIOS DE MODA;RELOJ;002541;RELOJ HOMBRE CUERO-METAL;002541;-;;;01;IVA
MERCADERIAS;ASEO;GEL ANTIBACTERIAL;013996;GEL ANTIBACTERIAL 500ML CDE1021/0477;013996;ADHEPLAST;;;01;IVA
MERCADERIAS;ASEO;IMPLEMENTOS DE ASEO;023285;MINI ASPIRADORA PILAX2/AA 820972 9729;7865898209729;-;;;01;IVA
MERCADERIAS;ASEO;JABON/ LAVAVAJILLAS;004909;LAVAVAJILLA LIQUIDA LIMPOL 650ML 2998;7861024002998;SIN MARCA;;;01;IVA
MERCADERIAS;ASEO;PAÑITOS HUMEDOS;001459;PAÑITOS HUMEDOS LOV BABY X100 2681;7862110202681;-;;;01;IVA
MERCADERIAS;ASEO;SHAMPOO/ ACONDICIONADORES;025620;SHAMPOO HERBAL ESS MANGO 400ML 285139 7674;025620;HERBAL ESSENCES;;;01;IVA
MERCADERIAS;ASEO;TOALLAS;010712;TOALLA DESECHABLE PARA DISPENSADOR;010712;-;;;01;IVA
MERCADERIAS;BISUTERIA;ARETES;000312;ARETES;000312;ACCESSORIES;;;01;IVA
MERCADERIAS;BISUTERIA;ARETES;029269;ARETES MARCA*;029269;RADU;;;01;IVA
MERCADERIAS;BISUTERIA;ARETES;029270;ARETES TOPO NIÑA;029270;-;;;01;IVA
MERCADERIAS;BISUTERIA;ARETES;029271;ARETES X3PARES;029271;RADU;;;01;IVA
MERCADERIAS;BISUTERIA;COLLARES;002513;COLLAR;002513;-;;;01;IVA
MERCADERIAS;BISUTERIA;COLLARES;000264;COLLAR ELEGANTE V/MODELOS;000264;-;;;01;IVA
MERCADERIAS;BISUTERIA;COLLARES;029272;COLLAR JUEGO DOBLE STAINLESS STEEL*;029272;STAINLESS STEEL;;;01;IVA
MERCADERIAS;BISUTERIA;COLLARES;000239;COLLAR JUEGO MARCA*;000239;RADU;;;01;IVA
MERCADERIAS;BISUTERIA;COLLARES;029273;COLLAR Y MANILLA NIÑO/A;029273;-;;;01;IVA
MERCADERIAS;BOLSOS;BILLETERAS;012153;BILLETERA PRADA V/COL*;012153;-;;;01;IVA
MERCADERIAS;BOLSOS;BOLSOS DE TELA/ PLASTICO;005407;BOLSO BLANCO D/TABLERO A3*;005407;ACRILEX;;;01;IVA
MERCADERIAS;BOLSOS;CARTUCHERAS;026990;CARTUCHERA 1S  PLASTICA V/C;026990;SIN MARCA;;;01;IVA
MERCADERIAS;BOLSOS;CARTUCHERAS;016637;CARTUCHERA 2S TEXAS HEAD;016637;HEAD;;;01;IVA
MERCADERIAS;BOLSOS;CARTUCHERAS;006173;CARTUCHERA 3S MIRROR LONDON 0894;7862126050894;-;;;01;IVA
MERCADERIAS;BOLSOS;CARTUCHERAS;012162;CARTUCHERA LOF FLAMINGO PCH;012162;-;;;01;IVA
MERCADERIAS;BOLSOS;CARTUCHERAS;006171;CARTUCHERA MOZIONI 3S NG/GATO MPT170513-NG 8361;7861208808361;MOZIONI;;;01;IVA
MERCADERIAS;BOLSOS;CARTUCHERAS;006180;CARTUCHERA MOZIONI 3S RS/BL MPT172087-RS 9120;7861208829120;MOZIONI;;;01;IVA
MERCADERIAS;BOLSOS;CARTUCHERAS;006148;CARTUCHERA MOZIONI 3S RS/HEART/BREAK  MPT170533-RS 8507;7861208808507;MOZIONI;;;01;IVA
MERCADERIAS;BOLSOS;CARTUCHERAS;006174;CARTUCHERA MOZIONI 3S RS/NG MPT172046-RS/9861;7861208829861;MOZIONI;;;01;IVA
MERCADERIAS;BOLSOS;CARTUCHERAS;003581;CARTUCHERA NYLON 8001/Y672140/Y672154-88025/8012;7450039129433;-;;;01;IVA
MERCADERIAS;BOLSOS;LONCHERAS;022352;LONCHERA MOZIONI TORNASOL MHF172051-RS/8857;7861208828857;MOZIONI;;;01;IVA
MERCADERIAS;BOLSOS;MOCHILAS;012166;MOCHILA EPIC FUTBOL 10XB BB2008B 0219;7862110160219;EPIC;;;01;IVA
MERCADERIAS;BOLSOS;MOCHILAS;021453;MOCHILA EPIC ZORRITO BG2101 3685;7862110163685;EPIC;;;01;IVA
MERCADERIAS;BOLSOS;MOCHILAS;012139;MOCHILA EVEREST 1045RN;742065007777;EVEREST;;;01;IVA
MERCADERIAS;BOLSOS;MOCHILAS;012133;MOCHILA EVEREST 2045P;742065009016;-;;;01;IVA
MERCADERIAS;BOLSOS;MOCHILAS;012146;MOCHILA EVEREST P1045GL;742065010975;EVEREST;;;01;IVA
MERCADERIAS;BOLSOS;MOCHILAS;012152;MOCHILA MINI METALLIC/TORNASOL B323428;684357503140;-;;;01;IVA
MERCADERIAS;BOLSOS;MOCHILAS;021452;MOCHILA MOZIONI BL/RS TORNASOL MME171770-BL/9243;7861208829243;MOZIONI;;;01;IVA
MERCADERIAS;BOLSOS;MOCHILAS;004701;MOCHILA MOZIONI TIGRE CF/NG MME170976-ST 7073;7861208817073;MOZIONI;;;01;IVA
MERCADERIAS;BOLSOS;MOCHILAS;006140;MOCHILA NIÑO TOY STORY AZ 6556 EME172167-AZ;7861208826556;MOZIONI;;;01;IVA
MERCADERIAS;BOLSOS;MOCHILAS;003717;MOCHILA SHOPPIES 7016HPS-0694/8369;7453074538369;-;;;01;IVA
MERCADERIAS;BOLSOS;MOCHILAS;026991;MOCHILA TORNASOL V/C DISEÑOS JN2137;026991;-;;;01;IVA
MERCADERIAS;BOLSOS;MOCHILAS;003734;MOCHILA TOTTO INFANTIL SWEETY HEART M MJ04SWH002-2420-9JEM 3399;7704758953399;TOTTO;;;01;IVA
MERCADERIAS;BOLSOS;MOCHILAS;001281;MOCHILA TOTTO PC KNITTY L GR MA04KNY001-23200-G86 9114;7704758819114;TOTTO;;;01;IVA
MERCADERIAS;BOLSOS;MOCHILAS;012149;MOCHILA UNICORNIO B324163;012149;-;;;01;IVA
MERCADERIAS;BOLSOS;MOCHILAS;010416;MOCHILA VASARI NG/AZ VME171810-AZ/7997;7861208827997;VASARI;;;01;IVA
MERCADERIAS;BOLSOS;MONEDEROS;026923;MONEDERO HELLO KITTY*;026923;SIN MARCA;;;01;IVA
MERCADERIAS;COMIDA;BEBIDAS;027255;BEBIDA CHAIGOLD MARACUYA 060570612;7868001070612;MUNAY;;;01;IVA
MERCADERIAS;COMIDA;CARAMELOS/GOMITAS;005424;BUBBALOO SPARKIES 25 GR 9500;7702133879500;ADAMS;;;01;IVA
MERCADERIAS;COMIDA;CHOCOLATES;026996;CHOCO TRENTO AVELLANA 32GR 2831;7896306612831;TRENTO;;;01;IVA
MERCADERIAS;COMIDA;CHOCOLATES;026992;CHOCO TRENTO BLANCO/ALLEGRO  35GR 2366;7896306622366;TRENTO;;;01;IVA
MERCADERIAS;COMIDA;CHOCOLATES;026995;CHOCO TRENTO BLANCO/DARK 35GR 6389;7896306616389;TRENTO;;;01;IVA
MERCADERIAS;COMIDA;CHOCOLATES;026997;CHOCO TRENTO CHOCOLATE 32GR 2817;7896306612817;TRENTO;;;01;IVA
MERCADERIAS;COMIDA;CHOCOLATES;026993;CHOCO TRENTO CHOCOLATE ALLEGRO 35GR 1130;7896306621130;TRENTO;;;01;IVA
MERCADERIAS;COMIDA;CHOCOLATES;026998;CHOCO TRENTO MINI/BL/DARK 16GR 1185;7896306621185;TRENTO;;;01;IVA
MERCADERIAS;COMIDA;CHOCOLATES;026994;CHOCO TRENTO TORTA/LIMON 35GR 8291;7896306618291;TRENTO;;;01;IVA
MERCADERIAS;COMIDA;CHOCOLATES;010552;CHOCOLATE FERRERO ROCHER CUBO 75GR;7898024397120;FERRERO ROCHER;;;01;IVA
MERCADERIAS;COMIDA;CHOCOLATES;002918;CHOCOLATE HUEVO KINDER JOY 20GR T1X12/6 20GR 360/4482 2731;78602731;KINDER JOY;;;01;IVA
MERCADERIAS;COMIDA;CHOCOLATES;002919;CHOCOLATE NOGGY VASO 150GR 36X24 1695;7861002901695;NOGGY;;;01;IVA
MERCADERIAS;COMIDA;CHOCOLATES;021946;CHOCOLATE RAFFAELLO 480GR T3X16 30GR 2487;80052487;FERRERO ROCHER;;;01;IVA
MERCADERIAS;COMIDA;CHOCOLATES;010077;CHOCOLATE ROCHER FERRERO CORAZON 100GR X8UNID 5072;7898024395072;FERRERO ROCHER;;;01;IVA
MERCADERIAS;COMIDA;CHOCOLATES;004589;CHOCOLATE VIZZIO MIX 131G 6681;7750885016681;-;;;01;IVA
MERCADERIAS;COMIDA;GALLETAS;027920;GALLETA PATY MANTEQUILLA 75G 1235;7862107621235;GUSTAFF;;;01;IVA
MERCADERIAS;COMIDA;SNACKS;027919;MANI CRIS CLASICO 50GR 1504;7861011801504;MANI CRIS;;;01;IVA
MERCADERIAS;COMIDA;SNACKS;001012;PAPA RIZADAS MAYONESA 30GR 9999;7861065509999;YUPI;;;01;IVA
MERCADERIAS;COMIDA;SNACKS;001397;PRINGLES CREMA & CEBOLLA 40GR 6748;038000846748;-;;;01;IVA
MERCADERIAS;COMIDA;SNACKS;001396;PRINGLES ORIGINAL 37GR  6731;038000846731;PRINGLES;;;01;IVA
MERCADERIAS;COSMETICOS;DELINEADORES;004587;DELINEADOR FLORMAR D/OJOS NG;8690604081431;-;;;01;IVA
MERCADERIAS;COSMETICOS;DELINEADORES;029000;DELINEADOR SMOKEY X6UND;879596208073;CREANDO;;;01;IVA
MERCADERIAS;COSMETICOS;ESMALTES;026725;ESMALTE 105 TULIPAN  ZAGAZ;026725;ZAGAZ;;;01;IVA
MERCADERIAS;COSMETICOS;ESMALTES;026723;ESMALTE 50 JESSICA ZAGAZ;026723;ZAGAZ;;;01;IVA
MERCADERIAS;COSMETICOS;ESMALTES;026719;ESMALTE 54 AZALEA ZAGAZ;026719;ZAGAZ;;;01;IVA
MERCADERIAS;COSMETICOS;ESMALTES;002430;ESMALTE 61 METAL MAGIA ZAGAZ 12ML;002430;ZAGAZ;;;01;IVA
MERCADERIAS;COSMETICOS;ESMALTES;026721;ESMALTE 75 ESMERALDA ZAGAZ;026721;ZAGAZ;;;01;IVA
MERCADERIAS;COSMETICOS;ESMALTES;026720;ESMALTE 93 INTENSA NEON ZAGAZ 12ML;026720;ZAGAZ;;;01;IVA
MERCADERIAS;COSMETICOS;FIJADORES;025601;ACEITE P/CABELLO V/COLORES 125ML 2011880 IBETH PATRICIA RUB*;025601;SIN MARCA;;;01;IVA
MERCADERIAS;COSMETICOS;PERFUMES/SPLASH;029359;CREMA+PERFUME VICTORIA SECRECT *;029359;SIN MARCA;;;01;IVA
MERCADERIAS;COSMETICOS;PERFUMES/SPLASH;026921;FRAGANCIA Y BODY LOTION;026921;ACRILEX;;;01;IVA
MERCADERIAS;COSMETICOS;PERFUMES/SPLASH;004582;PERFUME GRANDE V/OLORES;004582;SIN MARCA;;;01;IVA
MERCADERIAS;COSMETICOS;PERFUMES/SPLASH;025599;SPLASH PRETTY GIRLS AMBAR 236ML ZAR 2011807 1615/91/46;6970392251615;CREANDO;;;01;IVA
MERCADERIAS;DEPORTES Y GYM;ACCESORIOS PARA DEPORTE;027918;CUERDA P/SALTAR JUMP ROPE HH318 0844;731015250844;-;;;01;IVA
MERCADERIAS;ELECTROMENOR;BATIDORAS;025527;BATIDORA DE MANO 5VELTURBO MXWH-318 BLANCA 7451;7861187907451;WARENHAUS;;;01;IVA
MERCADERIAS;ELECTROMENOR;DISPENSADORES;025525;DISPENSADOR D/VIDRIO C/BASE D/MADERA 135OZ 4L 4COL. 12239 MBL 4146;7861187904146;-;;;01;IVA
MERCADERIAS;ESCOLAR;ACUARELAS;010564;ACUARELA LANCER X12COL AC.C.312 2692 # RDP;4712856532692;LANCER;;;01;IVA
MERCADERIAS;ESCOLAR;ACUARELAS;016880;ACUARELA PELIKAN X6COL PASTEL AC.P.1223 5419;7501015205419;PELIKAN;;;01;IVA
MERCADERIAS;ESCOLAR;AGENDAS Y LIBRETAS;002307;AGENDA 2024 AZ MILAN 15X21 C/DR 0612;7861185610612;AGENDAS;;;01;IVA
MERCADERIAS;ESCOLAR;AGENDAS Y LIBRETAS;029308;AGENDA C/LIGA ANILLADA A5-2023 GDE V/COL  2053;6968612022053;-;;;01;IVA
MERCADERIAS;ESCOLAR;AGENDAS Y LIBRETAS;029307;AGENDA C/LIGA ANILLADA A6-2023 PEQ V/COL 2060;6968612022060;-;;;01;IVA
MERCADERIAS;ESCOLAR;AGENDAS Y LIBRETAS;029391;AGENDA FLORES A5/10108.2 FRASES F/DR B80*;029391;-;;;01;IVA
MERCADERIAS;ESCOLAR;AGENDAS Y LIBRETAS;029319;AGENDA NG/AZ/CF/GR 2023-12 17.5*9CM 8444;6923749738444;-;;;01;IVA
MERCADERIAS;ESCOLAR;AGENDAS Y LIBRETAS;010735;DIARIO INFANTIL C/CAJA REF:F640416/0052;6931164700052;-;;;01;IVA
MERCADERIAS;ESCOLAR;AGENDAS Y LIBRETAS;010736;DIARIO INFANTIL LIEFDE OSO POLAR C/BOLIG CYX800061 0616;2023118000616;LIEFDE;;;01;IVA
MERCADERIAS;ESCOLAR;AGENDAS Y LIBRETAS;010731;DIARIO INFANTIL MAGNETICO 242288 SW320416/0014;6931164700014;-;;;01;IVA
MERCADERIAS;ESCOLAR;BOLIGRAFOS;016996;BOLIG AZUL CACTUS 0.5 IC 1034-8*;016996;-;;;01;IVA
MERCADERIAS;ESCOLAR;BOLIGRAFOS;016872;BOLIG BIC AZUL MEDIO 971186/995305 # RDP;016872;BIC;;;01;IVA
MERCADERIAS;ESCOLAR;BOLIGRAFOS;027263;BOLIG BIC ROJO C/AMARILLO FINO 500227;027263;BIC;;;01;IVA
MERCADERIAS;ESCOLAR;BOLIGRAFOS;018290;BOLIG BIC ROJO FINO 971194/995711 # RDP;018290;BIC;;;01;IVA
MERCADERIAS;ESCOLAR;BOLIGRAFOS;018286;BOLIG BIC VERDE OSC MEDIO 995708/500204 # RDP;7861186200430;BIC;;;01;IVA
MERCADERIAS;ESCOLAR;BOLIGRAFOS;001424;BOLIG BORRABLE JEFF AZUL JF.BO.402 7866;7862114757866;JEFF;;;01;IVA
MERCADERIAS;ESCOLAR;BOLIGRAFOS;029322;BOLIG BORRABLE M&G AZUL 0.5MM AKPC5272 OSITO 6222;6936965446222;M&G;;;01;IVA
MERCADERIAS;ESCOLAR;BOLIGRAFOS;024265;BOLIG BORRABLE M&G AZUL 0.7MM AKP61173 074 9052;6925282229052;M&G;;;01;IVA
MERCADERIAS;ESCOLAR;BOLIGRAFOS;000805;BOLIG BORRABLE PILOT AZUL CLICKER BLRT-FR5 7375;4902505417375;PILOT;;;01;IVA
MERCADERIAS;ESCOLAR;BOLIGRAFOS;000804;BOLIG BORRABLE PILOT NEGRO CLICKER BLRT-FR5 7351;4902505417351;PILOT;;;01;IVA
MERCADERIAS;ESCOLAR;BOLIGRAFOS;000802;BOLIG BORRABLE PILOT ROJO CLICKER BLRT-FR5 7368;4902505417368;PILOT;;;01;IVA
MERCADERIAS;ESCOLAR;BOLIGRAFOS;002442;BOLIG BORRABLE UNIBALL NEGRO FANTHOM 0.7 MP-UF-202 0811;4902778120811;UNIBALL;;;01;IVA
MERCADERIAS;ESCOLAR;BOLIGRAFOS;024792;BOLIG FABER NEGRO MED LUX #034 BO.F.440498;024792;FABER CASTELL;;;01;IVA
MERCADERIAS;ESCOLAR;BOLIGRAFOS;029321;BOLIG M&G 4 MINAS 0.7 ABP803R4 6096;6941025156096;-;;;01;IVA
MERCADERIAS;ESCOLAR;BOLIGRAFOS;011562;BOLIG NATARAJ AZUL FINE 0.7MM 206490002 9286;8901324009286;NATARAJ;;;01;IVA
MERCADERIAS;ESCOLAR;BOLIGRAFOS;002914;BOLIG NATARAJ AZUL ITIP GEL 0.6MM 213552107 4129;8901324014129;NATARAJ;;;01;IVA
MERCADERIAS;ESCOLAR;BOLIGRAFOS;011563;BOLIG NATARAJ ROJO FINE 0.7MM 206492002 757/9309;8901324009309;NATARAJ;;;01;IVA
MERCADERIAS;ESCOLAR;BOLIGRAFOS;011555;BOLIG NATARAJ X5COL GELIX 213550001 4258;8901324024258;NATARAJ;;;01;IVA
MERCADERIAS;ESCOLAR;BOLIGRAFOS;023286;BOLIG OVNI/CARRIT  MULTICOLOR 820579/820585;023286;-;;;01;IVA
MERCADERIAS;ESCOLAR;BOLIGRAFOS;010076;BOLIG PILOT ROJO 1.0 RETRACTIL BP-1RT-F-R 2014;4902505482014;PILOT;;;01;IVA
MERCADERIAS;ESCOLAR;BOLIGRAFOS;025605;BOLIG PLATA PROMOCIONAL GRIP METAL PP2394B-PL;025605;-;;;01;IVA
MERCADERIAS;ESCOLAR;BOLIGRAFOS;025366;BOLIG PLUMA P257095 4531;681402394531;CREANDO;;;01;IVA
MERCADERIAS;ESCOLAR;BOLIGRAFOS;025361;BOLIG RENO P257053 0908;025361;CREANDO;;;01;IVA
MERCADERIAS;ESCOLAR;BOLIGRAFOS;024459;BOLIG UNIBALL AZUL 0.8 UB-200 VISION ELITE 7548;4902778707548;UNIBALL;;;01;IVA
MERCADERIAS;ESCOLAR;BOLIGRAFOS;002443;BOLIG UNIBALL AZUL SIGNO RETRACTIL 1.0 UMN-207-10 0680;4902778140680;UNIBALL;;;01;IVA
MERCADERIAS;ESCOLAR;BOLIGRAFOS;016866;BOLIG UNIBALL NEGRO 0.7 SN-100 LAKNOCK RETRACTIL 7295;4902778717295;UNIBALL;;;01;IVA
MERCADERIAS;ESCOLAR;BOLIGRAFOS;013213;BOLIG X6C C/LENTEJ/AFELPAD P256957/P256959;7450106134971;-;;;01;IVA
MERCADERIAS;ESCOLAR;BOLIGRAFOS;012160;BOLIG ZUIXUA X24COL NEON HG6107-24 5128;6953571205128;ZHUXING;;;01;IVA
MERCADERIAS;ESCOLAR;BOLIGRAFOS;010655;PROMOCION BOLIG BIC PM AZUL Y NEGRO;010655;BIC;;;01;IVA
MERCADERIAS;ESCOLAR;BORRADORES;020823;BORRADOR ARTESCO RETRACTIL T/ESTILETE C/BROCHA PASTEL BOR111 2610;7750082062610;ARTESCO;;;01;IVA
MERCADERIAS;ESCOLAR;BORRADORES;011578;BORRADOR FACTIS TINTA INK30 E2-008;011578;FACTIS;;;01;IVA
MERCADERIAS;ESCOLAR;BORRADORES;001423;BORRADOR LANCER D/PIZARRA PLASTICO C/MAGNETO SH.BR.301 1240;4895137971240;LANCER;;;01;IVA
MERCADERIAS;ESCOLAR;BORRADORES;001437;BORRADOR MAPED BL T/ESTILETE 0009;3154140120009;MAPED;;;01;IVA
MERCADERIAS;ESCOLAR;BORRADORES;024736;BORRADOR RENCAI C/PROTECT/PLAST HAPPOYDOG RC-6015 0158;6928114160158;-;;;01;IVA
MERCADERIAS;ESCOLAR;BORRADORES;004663;BORRADOR ROTRING B20 S0194570 1211;4006856551211;ROTRING;;;01;IVA
MERCADERIAS;ESCOLAR;BORRADORES;029328;BORRADOR+SACAP M&G APS912A6/2455 SOM MANY CATS;6931747122455;M&G;;;01;IVA
MERCADERIAS;ESCOLAR;COMPAS;010661;COMPAS FREEHAND S05003B PRECIS;4795864668607;-;;;01;IVA
MERCADERIAS;ESCOLAR;COMPAS;004896;COMPAS LANCER 1180 CP.L.1180 3718;4895137973718;LANCER;;;01;IVA
MERCADERIAS;ESCOLAR;COMPAS;002431;COMPAS LANCER 1188 C/ESFERO METAL CP.L.1188 3916;4895137973916;LANCER;;;01;IVA
MERCADERIAS;ESCOLAR;COMPAS;023270;COMPAS LANCER 1296 PRECIS V/COL CP.L.1296 3411;4895137973411;LANCER;;;01;IVA
MERCADERIAS;ESCOLAR;COMPAS;019069;COMPAS MAPED 0694 TECHNIC PRECIS BLISTER;734365490694;MAPED;;;01;IVA
MERCADERIAS;ESCOLAR;COMPAS;004657;COMPAS MAPED STUDY C/LAPIZ 119410 4108;3154141194108;MAPED;;;01;IVA
MERCADERIAS;ESCOLAR;COMPAS;004653;COMPAS MAPED TECHNIC PRECISION 3PZ 291010 0103;3154142910103;MAPED;;;01;IVA
MERCADERIAS;ESCOLAR;CORRECTORES;021444;CORRECTOR ARTESCO MINI 4ML LIQ001 5202;7750082025202;ARTESCO;;;01;IVA
MERCADERIAS;ESCOLAR;CRAYONES;000382;CRAYON FABER CASTEL X12COL JUMBO CY.F.243 3129;7754111743129;FABER CASTELL;;;01;IVA
MERCADERIAS;ESCOLAR;CRAYONES;005431;CRAYON LANCER X12COL SH.CY.2612 0008;2302114690008;LANCER;;;01;IVA
MERCADERIAS;ESCOLAR;CRAYONES;000374;CRAYON PELIKAN X12COL JUMBO TRIANG CRA023 4480;7501015214480;PELIKAN;;;01;IVA
MERCADERIAS;ESCOLAR;CRAYONES;016879;CRAYON PELIKAN X6COL JUMBO TRIANG PASTEL 5679;7501015205679;PELIKAN;;;01;IVA
MERCADERIAS;ESCOLAR;CUADERNOS;027713;CA 100H 1L ACAD DB FERRARI  950702 7029;7702111507029;NORMA;;;01;IVA
MERCADERIAS;ESCOLAR;CUADERNOS;027718;CA 100H 1L ACAD DB JEAN BOOK 950634 6343;7702111506343;NORMA;;;01;IVA
MERCADERIAS;ESCOLAR;CUADERNOS;027708;CA 100H 1L ACAD FLEX JEAN BOOK NORMA 950553 5537;7702111505537;NORMA;;;01;IVA
MERCADERIAS;ESCOLAR;CUADERNOS;027712;CA 100H 1L DO STREET RACER INSER 950548 5483;7702111505483;NORMA;;;01;IVA
MERCADERIAS;ESCOLAR;CUADERNOS;004647;CA 100H CDROS ACAD CARS2 NORMA 7494;702111367494;NORMA;;;01;IVA
MERCADERIAS;ESCOLAR;CUADERNOS;005406;CA 100H CDROS ACAD PD SWEET ESCRIBE 6980;7861084256980;ESCRIBE;;;01;IVA
MERCADERIAS;ESCOLAR;CUADERNOS;011554;CA 180H CDROS ACAD PD SWEET ESCRIBE 7468;7861084257468;ESCRIBE;;;01;IVA
MERCADERIAS;ESCOLAR;CUADERNOS;019092;CA 60H 2L ANDALUZ 543402 4028 # RDP;7702111434028;NORMA;;;01;IVA
MERCADERIAS;ESCOLAR;CUADERNOS;027707;CC 100H 1L COSIDO PELUCHES NORMA 537499 4997;7702111374997;NORMA;;;01;IVA
MERCADERIAS;ESCOLAR;CUADERNOS;005244;CC 100H CDROS COSIDO ESCRIBE C/STICKERS 4232 # RDP;7861084214232;ESCRIBE;;;01;IVA
MERCADERIAS;ESCOLAR;CUADERNOS;014001;CC 100H CDROS COSIDO RALLY ESCRIBE 3033;7861084253033;ESCRIBE;;;01;IVA
MERCADERIAS;ESCOLAR;CUADERNOS;010595;CD DIBUJO/BOCETO 80H MR ESP 21X29.7CM 90GR VERTICAL 1218;7868000581218;MARPEL;;;01;IVA
MERCADERIAS;ESCOLAR;CUADERNOS;000018;CG 50H 4L GRAP ESCRIBE 1545;7861084211545;ESCRIBE;;;01;IVA
MERCADERIAS;ESCOLAR;CUADERNOS;027701;CJ 100H 4L JNR ANDALUZ 5285;7702111505285;NORMA;;;01;IVA
MERCADERIAS;ESCOLAR;CUADERNOS;027702;CJ 60H 4L JNR ANDALUZ 543401 4011;7702111434011;NORMA;;;01;IVA
MERCADERIAS;ESCOLAR;CUADERNOS;010046;CUADERNO ARTE PRISMA 20H A3 200GR CU005 2891;7862111312891;ARTEPAPEL;;;01;IVA
MERCADERIAS;ESCOLAR;CUADERNOS;010044;CUADERNO ARTE PRISMA 24H T/I 200GR 2907;7862111312907;ARTEPAPEL;;;01;IVA
MERCADERIAS;ESCOLAR;CUADERNOS;010043;CUADERNO ARTE SKETCH PAD 80H T/I 80GR 2914;7862111312914;ARTEPAPEL;;;01;IVA
MERCADERIAS;ESCOLAR;ESCARCHA;013267;ESCARCHA ACRILEX CONFETTI X3UND 21G GC400C 9402;775749209402;-;;;01;IVA
MERCADERIAS;ESCOLAR;ESCARCHA;019061;ESCARCHA CELINA AZUL 1/2 KILO 029-0047 702/0256;7861161210256;CELINA;;;01;IVA
MERCADERIAS;ESCOLAR;ESCARCHA;013273;ESCARCHA E/ FUNDA X6UND 12GR KC180/SE720A/B/C/D/E/F;775749131628;-;;;01;IVA
MERCADERIAS;ESCOLAR;ESCARCHA;025625;ESCARCHA E/FRASCO DR 250GR SL1911066-3 901212 1404;5654865461404;-;;;01;IVA
MERCADERIAS;ESCOLAR;ESCARCHA;012141;ESCARCHA LANCER BLANCA IRID FRASCO 7GR ES.T.700*;012141;LANCER;;;01;IVA
MERCADERIAS;ESCOLAR;ESCARCHA;016761;ESCARCHA LANCER FUCSIA FRASCO 7GR ES.T. 712*;016761;LANCER;;;01;IVA
MERCADERIAS;ESCOLAR;ESCARCHA;019059;ESCARCHA LANCER MORADA FRASCO 7GR ES.T.711*;019059;LANCER;;;01;IVA
MERCADERIAS;ESCOLAR;ESCARCHA;016759;ESCARCHA LANCER PLATA FRASCO 7GR ES.T.714*;016759;LANCER;;;01;IVA
MERCADERIAS;ESCOLAR;ESCARCHA;001766;ESCARCHA LANCER VERDE CLARO FRASCO 7GR ES.T.713*;001766;LANCER;;;01;IVA
MERCADERIAS;ESCOLAR;ESCARCHA;016962;ESCARCHA LANCER X6COL 60GR T/SALERO ES.T.100 6782 5115;6922266855115;LANCER;;;01;IVA
MERCADERIAS;ESCOLAR;ESTILETES;010042;ESTILETE KW-TRIO 3713 0070;4714218150070;KW-TRIO;;;01;IVA
MERCADERIAS;ESCOLAR;ESTILETES;005197;ESTILETE POINTER PRECISION A010-YJ-78-T 6087;7453010056087;POINTER;;;01;IVA
MERCADERIAS;ESCOLAR;ESTILOGRAFOS;027443;ESTILOGRAFO INK GLIDE LUXOR BL 829;8901198014836;-;;;01;IVA
MERCADERIAS;ESCOLAR;FORROS;001007;FORRO MICA CARIOCA ACADEM;7861161224178;LANCER;;;01;IVA
MERCADERIAS;ESCOLAR;FORROS;001293;FORRO PLASTICO LANCER JUNIOR 9X13X3 SH.FR.10;001293;LANCER;;;01;IVA
MERCADERIAS;ESCOLAR;GOMAS;000246;GOMA BIOPLAST 120 AMARILLA 8280;7861194608280;BIOPLAST;;;01;IVA
MERCADERIAS;ESCOLAR;GOMAS;001810;GOMA BIOPLAST 50GR 7186/8297;7861194608297;BIOPLAST;;;01;IVA
MERCADERIAS;ESCOLAR;GOMAS;010054;GOMA BOSS NG ESCARC 60ML 8267;5905488138267;BOSS;;;01;IVA
MERCADERIAS;ESCOLAR;GOMAS;003612;GOMA CARIOCA NJ ESCARC 60ML  1027;7861129531027;CARIOCA;;;01;IVA
MERCADERIAS;ESCOLAR;GOMAS;003613;GOMA LANCER FC ESCARC 60ML 8243;5905488138243;LANCER;;;01;IVA
MERCADERIAS;ESCOLAR;GOMAS;016753;GOMA LANCER ROJA ESCARC 60ML SH.GO.503 7017;4712856537017;LANCER;;;01;IVA
MERCADERIAS;ESCOLAR;GOMAS;011565;PEGAMENTO UHU UNIVERSAL 35ML 3442;4026700403442;UHU;;;01;IVA
MERCADERIAS;ESCOLAR;GRADUADORES;001291;GRADUADOR ARTESCO 180§X10CM GRA002 7523;7750082207523;ARTESCO;;;01;IVA
MERCADERIAS;ESCOLAR;GRADUADORES;001431;GRADUADOR ARTESCO 360X10CM GRA003 7530;7750082207530;ARTESCO;;;01;IVA
MERCADERIAS;ESCOLAR;GRADUADORES;000685;GRADUADOR CARIOCA 180ºX10CM;000685;CARIOCA;;;01;IVA
MERCADERIAS;ESCOLAR;LANA;010656;LANA LANCER ESCOLAR X12UND SURTIDA SH.LN.100 9637;4895137999367;LANCER;;;01;IVA
MERCADERIAS;ESCOLAR;LAPICES;000252;LAPIZ ADEL HB PARTY C/PINTAS 8838;8681241098838;ADEL;;;01;IVA
MERCADERIAS;ESCOLAR;LAPICES;009205;LAPIZ ERASERS X3UND C/BORRAD ZH-1706 5614/21/38;7865898215614;-;;;01;IVA
MERCADERIAS;ESCOLAR;LAPICES;003687;LAPIZ MONGOL TRIANGULAR  LA.M.480 9586;7808718509586;MONGOL;;;01;IVA
MERCADERIAS;ESCOLAR;LAPICES;005426;LAPIZ NATARAJ 2B TRIANG METALICO 201005004 2447;8901324002447;NATARAJ;;;01;IVA
MERCADERIAS;ESCOLAR;LAPICES;002917;LAPIZ NATARAJ HB NEON C/BORRAD 201158016 2283;8901324042283;NATARAJ;;;01;IVA
MERCADERIAS;ESCOLAR;LAPICES;002916;LAPIZ NATARAJ NEON C/BORRAD 201158006*;002916;NATARAJ;;;01;IVA
MERCADERIAS;ESCOLAR;LAPICES;029369;LAPIZ OTHELLO H 7890;4006381117890;OTHELLO;;;01;IVA
MERCADERIAS;ESCOLAR;LAPICES;029370;LAPIZ OTHELLO SET X12UND 8B-6B-4B-3B-2B-B-HB-F-H-2H-3H-4H 6223;8595147806223;OTHELLO;;;01;IVA
MERCADERIAS;ESCOLAR;LAPICES;013652;LAPIZ STAEDTLER PASTEL LIGH/WHI/SANG/UMB/SEPIA LIG/DARK;013652;STAEDTLER;;;01;IVA
MERCADERIAS;ESCOLAR;LIBROS;027885;LIBRO PARA COLOREAR NEON V/M 7102 1020;814625071020;VISION ST;;;01;IVA
MERCADERIAS;ESCOLAR;LIBROS;002451;TABLA 4 OPERACIONES T/CUADERNO*;002451;LLANSA;;;01;IVA
MERCADERIAS;ESCOLAR;MARCADORES;016900;MARC ARTLINE DORADO FOMIX EDFM-F BRUSH METALICO 0842;4549441010842;ARTEL;;;01;IVA
MERCADERIAS;ESCOLAR;MARCADORES;027422;MARC BIC MARKING GRIP FINE ROJO 967786 5659;3086126725659;BIC;;;01;IVA
MERCADERIAS;ESCOLAR;MARCADORES;000359;MARC CARIOCA X6COL 1173;7861129511173;CARIOCA;;;01;IVA
MERCADERIAS;ESCOLAR;MARCADORES;025615;MARC FABER CONECTOR X40COL- CJA METAL MALETIN MA.F.155535 5353;4005401555353;FABER CASTELL;;;01;IVA
MERCADERIAS;ESCOLAR;MARCADORES;023289;MARC FABER FIESTA X36COL MA.F.3645 555318 2256;7754111012256;FABER CASTELL;;;01;IVA
MERCADERIAS;ESCOLAR;MARCADORES;001429;MARC JEFF NEGRO P/CD D/PUNTA JF.MA.420.10 0513;4712856530513;JEFF;;;01;IVA
MERCADERIAS;ESCOLAR;MARCADORES;015096;MARC JEFF X10COL FOMIX JF.MA.401 7046;4894616077046;JEFF;;;01;IVA
MERCADERIAS;ESCOLAR;MARCADORES;029348;MARC M&G AZUL D/ PUNTA FWT040122 3287;6941255133287;M&G;;;01;IVA
MERCADERIAS;ESCOLAR;MARCADORES;029351;MARC M&G BLANCO D/ PUNTA FWT040110 3379;6941255133379;M&G;;;01;IVA
MERCADERIAS;ESCOLAR;MARCADORES;029350;MARC M&G MORADO D/ PUNTA FWT040177 3324;6941255133324;-;;;01;IVA
MERCADERIAS;ESCOLAR;MARCADORES;029345;MARC M&G NARANJA D/PUNTA FWT040197 3270;6941255133270;M&G;;;01;IVA
MERCADERIAS;ESCOLAR;MARCADORES;024266;MARC M&G PERM AZUL D/PUNTA APM21372 2403;6947503702403;M&G;;;01;IVA
MERCADERIAS;ESCOLAR;MARCADORES;029343;MARC M&G VERDE CLARO D/PUNTA FWT040176 3317;6941255133317;-;;;01;IVA
MERCADERIAS;ESCOLAR;MARCADORES;024139;MARC MAPED X8COL COLOR PEPS DUO STAMP 8080;024139;MAPED;;;01;IVA
MERCADERIAS;ESCOLAR;MARCADORES;010483;MARC MOLIN CD/DVD 2 EN 1 AZ RCD222-3;8436038976437;MOLIN;;;01;IVA
MERCADERIAS;ESCOLAR;MARCADORES;010484;MARC MOLIN CD/DVD 2 EN 1 NG RCD222-9;8436038976420;MOLIN;;;01;IVA
MERCADERIAS;ESCOLAR;MARCADORES;012331;MARC MOLIN MUEBLES RTE280-RM-RO/8721;8436038978721;MOLIN;;;01;IVA
MERCADERIAS;ESCOLAR;MARCADORES;010485;MARC MOLIN TELA 2EN1 NG RTT222-01 1257;8436556201257;MOLIN;;;01;IVA
MERCADERIAS;ESCOLAR;MARCADORES;013265;MARC P/PINCEL METALICO GP096C/096D/096E/096G/096H;775749215700;-;;;01;IVA
MERCADERIAS;ESCOLAR;MARCADORES;016748;MARC PELIKAN PERM 420 ROJO MAR1016 5302 # RDP;7703064495302;PELIKAN;;;01;IVA
MERCADERIAS;ESCOLAR;MARCADORES;024800;MARC SHARPIE X12COL FINO 1750;071641371750;SHARPIE;;;01;IVA
MERCADERIAS;ESCOLAR;MARCADORES;024801;MARC SHARPIE X20COL FINO GAME 284758 5059;071641195059;SHARPIE;;;01;IVA
MERCADERIAS;ESCOLAR;MARCADORES;024061;MARC SHARPIE X4COL D/PUNTA MA.SP.32174 1748;071641321748;SHARPIE;;;01;IVA
MERCADERIAS;ESCOLAR;MARCADORES;024063;MARC SHARPIE X8COL GIRLS GTS TJ 281474 5822;71641175822;SHARPIE;;;01;IVA
MERCADERIAS;ESCOLAR;MARCADORES;000365;MARC SNOWMAN ACETATO PERM AZUL OPM 3531;4970129023531;SNOWMAN;;;01;IVA
MERCADERIAS;ESCOLAR;MARCADORES;002338;MARC SNOWMAN ACETATO PERM ROJO OPF 2527;4970129022527;SNOWMAN;;;01;IVA
MERCADERIAS;ESCOLAR;MARCADORES;011566;MARC STABILO X10COL POINT 88 1265;4006381261265;STABILO;;;01;IVA
MERCADERIAS;ESCOLAR;MARCADORES;013654;MARC STAEDTLER D/PUNTA PINCEL X12COL 3004TB12;4007817042854;STAEDTLER;;;01;IVA
MERCADERIAS;ESCOLAR;MARCADORES;002448;MARC STAEDTLER JUMBO TRIANG X12 COL 328-B WP12/2870;4007817022870;STAEDTLER;;;01;IVA
MERCADERIAS;ESCOLAR;MARCADORES;024456;MARC UNI PIN NEGRO CHISEL 2.0 LINE CS2-200 0981;4902778270981;UNIBALL;;;01;IVA
MERCADERIAS;ESCOLAR;MARCADORES;024457;MARC UNI PIN NEGRO CHISEL 3.0 LINE CS3-200 0998;4902778270998;UNIBALL;;;01;IVA
MERCADERIAS;ESCOLAR;MARCADORES;024458;MARC UNI PIN NEGRO EXTRA FINE BRUSH BR-500EF 8032;4902778268032;UNIBALL;;;01;IVA
MERCADERIAS;ESCOLAR;MINAS;003292;MINA FABER 0.7 HB MI.F.07HB 2728;7891360472728;FABER CASTELL;;;01;IVA
MERCADERIAS;ESCOLAR;MINAS;025622;MINA ROTRING 0.5 B TIKKY SO312640 5528;4006856505528;ROTRING;;;01;IVA
MERCADERIAS;ESCOLAR;MINAS;021908;MINA SABONIS 0.9 2B 60MM X20UND;021908;MILAN;;;01;IVA
MERCADERIAS;ESCOLAR;PALETAS;013253;PALETA KRAFTY HELAD DORADA/PLATA CW503A 3086;775749243086;KRAFTY;;;01;IVA
MERCADERIAS;ESCOLAR;PALETAS;013255;PALETA KRAFTY HELAD GIGANTE X25UND CW5079724;775749129724;KRAFTY KIDS;;;01;IVA
MERCADERIAS;ESCOLAR;PALETAS;013254;PALETA KRAFTY HELAD NEON CW504A 3048;775749243048;KRAFTY KIDS;;;01;IVA
MERCADERIAS;ESCOLAR;PALETAS;013258;PALETA KRAFTY HELAD X80UND COL CW512 5831;775749065831;KRAFTY KIDS;;;01;IVA
MERCADERIAS;ESCOLAR;PALETAS;002533;PALETA LANCER HELAD COL X100UND PQ.H.2 5662;4712856535662;LANCER;;;01;IVA
MERCADERIAS;ESCOLAR;PALETAS;027405;PALETA MULTICRAFT COLOR X10UND CW519B 9943;775749229943;KRAFTY KIDS;;;01;IVA
MERCADERIAS;ESCOLAR;PINTURAS DE MADERA;010553;PINT BIC SUPER SOFT TRIANG X12COL+SACAP 943449 0201;3086123460201;BIC;;;01;IVA
MERCADERIAS;ESCOLAR;PINTURAS DE MADERA;000537;PINT CARIOCA X12COL CORTA C-12 4196;7861129534196;CARIOCA;;;01;IVA
MERCADERIAS;ESCOLAR;PINTURAS DE MADERA;000394;PINT FABER TRIANG X12COL LARG 120512 5750/6821/8506;7891360545750;FABER CASTELL;;;01;IVA
MERCADERIAS;ESCOLAR;PINTURAS DE MADERA;000393;PINT FABER X12COL CORTA LA.F.120012 8681;7891360638681;FABER CASTELL;;;01;IVA
MERCADERIAS;ESCOLAR;PINTURAS DE MADERA;003610;PINT IMAGENES X12COL LARG 560866 8665;7702111608665;NORMA;;;01;IVA
MERCADERIAS;ESCOLAR;PINTURAS DE MADERA;013649;PINT KIUT X48COL+ILUSTRACIONES COLECCION 8740;7702111538740;KIUT;;;01;IVA
MERCADERIAS;ESCOLAR;PINTURAS DE MADERA;011573;PINT KIUT X6COL LARG METALIZADOS 7555;7702111507555;KIUT;;;01;IVA
MERCADERIAS;ESCOLAR;PINTURAS DE MADERA;002290;PINT MAGICOLOR 12COL LARG D/PUNT 186167 2903;002290;MAGICOLOR;;;01;IVA
MERCADERIAS;ESCOLAR;PINTURAS DE MADERA;020842;PINT MILAN 12COL LARG ACUA 0742312 8741;8411574028741;MILAN;;;01;IVA
MERCADERIAS;ESCOLAR;PINTURAS DE MADERA;018291;PINT STAEDTLER HEX 72COL LARG C/METAL146C M72 1076;4007817071076;-;;;01;IVA
MERCADERIAS;ESCOLAR;PINTURAS DE MADERA;029384;PINTURA NEON DACTILO X5 COL 14GR DPNE;029384;DEDITOS;;;01;IVA
MERCADERIAS;ESCOLAR;PLASTILINA / MASA MOLDEABLE;010648;MASA D/MOLDEAR NEON BALDE F/ANIMALES 40001;7891153077994;ACRILEX;;;01;IVA
MERCADERIAS;ESCOLAR;PLASTILINA / MASA MOLDEABLE;000814;PLASTILINA PELIKAN BARRA AMARILLA NEON 180GR PS.P.67128 0474;7501015220474;PELIKAN;;;01;IVA
MERCADERIAS;ESCOLAR;PORTAMINAS;001426;PORTAMINA JEFF 0.5 CLIC MATIC JF.LP.832 4794;4894616134794;JEFF;;;01;IVA
MERCADERIAS;ESCOLAR;PORTAMINAS;012325;PORTAMINA LANTU 0.7 MP M101 SH.LP.100;012325;LANTU;;;01;IVA
MERCADERIAS;ESCOLAR;PORTAMINAS;021906;PORTAMINA MILAN 0.9 TOUCH COLOR PL1/0445 185012920;8411574050445;MILAN;;;01;IVA
MERCADERIAS;ESCOLAR;PORTAMINAS;004900;PORTAMINA PENTEL V/COL 0.5 E-SHARP AZ125R;6938623960095;PENTEL;;;01;IVA
MERCADERIAS;ESCOLAR;PORTAMINAS;027431;PORTAMINA PILOT 0.5 TURQUESA H-185N-L;4902505212543;PILOT;;;01;IVA
MERCADERIAS;ESCOLAR;PORTAMINAS;027432;PORTAMINA ROTRING 0.35 TIKKY NEGRO 0498;3501170770498;ROTRING;;;01;IVA
MERCADERIAS;ESCOLAR;PORTAMINAS;027433;PORTAMINA ROTRING 0.5 TIKKY AMARILLO 0573;3501170770573;ROTRING;;;01;IVA
MERCADERIAS;ESCOLAR;PORTAMINAS;018333;PORTAMINA UNIBALL 0.5 SHALAKU 5 CELESTE M5-228 5221;4902778105221;UNIBALL;;;01;IVA
MERCADERIAS;ESCOLAR;REGLAS / PLANTILLAS Y JGO GEOM;002904;ESCALIMETRO LANCER 30CM PLAST SH.RE.9331 0773;4712856530773;LANCER;;;01;IVA
MERCADERIAS;ESCOLAR;REGLAS / PLANTILLAS Y JGO GEOM;000688;JGO ESCUADRA 45 60° CARIOCA 32CM 8836;7861129528836;CARIOCA;;;01;IVA
MERCADERIAS;ESCOLAR;REGLAS / PLANTILLAS Y JGO GEOM;002896;NORMOGRAFO 05 DOMINGO FERRER 0503;8413237590503;DOMINGO FERRER;;;01;IVA
MERCADERIAS;ESCOLAR;REGLAS / PLANTILLAS Y JGO GEOM;002897;NORMOGRAFO DHF 06 150006 0602*;8413237590602;DOMINGO FERRER;;;01;IVA
MERCADERIAS;ESCOLAR;REGLAS / PLANTILLAS Y JGO GEOM;000575;REGLA ARTESCO 20CM PLASTICA REG030 7394;7750082207394;ARTESCO;;;01;IVA
MERCADERIAS;ESCOLAR;REGLAS / PLANTILLAS Y JGO GEOM;000687;REGLA CARIOCA 30CM PLASTICA;7861129528980;CARIOCA;;;01;IVA
MERCADERIAS;ESCOLAR;REGLAS / PLANTILLAS Y JGO GEOM;027940;REGLA JEFF 20CM PLAST JF.RE.20 6533;4895137996533;JEFF;;;01;IVA
MERCADERIAS;ESCOLAR;RESALTADORES;025298;RESALT JEFF BORRA V/C 3MM/1MM PTA/BISEL FINO JF.RS.123*;025298;JEFF;;;01;IVA
MERCADERIAS;ESCOLAR;RESALTADORES;016648;RESALT JEFF MINI V/COL JF.RS.534P 7927*;016648;JEFF;;;01;IVA
MERCADERIAS;ESCOLAR;RESALTADORES;001462;RESALT PASSOLA VERDE ENERGY 3118;7861185613118;PASSOLA;;;01;IVA
MERCADERIAS;ESCOLAR;RESALTADORES;012251;RESALT PELIKAN LAVANDA PASTEL FLASH RES157 4069;77964069;PELIKAN;;;01;IVA
MERCADERIAS;ESCOLAR;RESALTADORES;015089;RESALT PELIKAN MANZANA PASTEL FLASH 600/8784;77968784;PELIKAN;;;01;IVA
MERCADERIAS;ESCOLAR;RESALTADORES;012252;RESALT PELIKAN TURQUESA AQUA PASTEL FLASH RES158 3963;77963963;PELIKAN;;;01;IVA
MERCADERIAS;ESCOLAR;RESALTADORES;026826;RESALT PLANETA V/COL 824076 3082;6971836233082;ACRILEX;;;01;IVA
MERCADERIAS;ESCOLAR;RESALTADORES;010035;RESALT SHARPIE NJ 7422;5401178077422;SHARPIE;;;01;IVA
MERCADERIAS;ESCOLAR;RESALTADORES;011933;RESALT STABILO DURAZNO PASTEL BOSS 70/126 2386;4006381492386;STABILO;;;01;IVA
MERCADERIAS;ESCOLAR;SACAPUNTAS;029311;SACAPUNTA 1S M&G APS91225 METAL*;029311;M&G;;;01;IVA
MERCADERIAS;ESCOLAR;SACAPUNTAS;029301;SACAPUNTA 1S M&G PLASTICO APSN1251 91270*;029301;M&G;;;01;IVA
MERCADERIAS;ESCOLAR;SACAPUNTAS;010491;SACAPUNTA 1S MILAN C/REC BORRA SUPER HEROE 4701116SH;8411574071204;MILAN;;;01;IVA
MERCADERIAS;ESCOLAR;SACAPUNTAS;029387;SACAPUNTA LANCER PLAST PEQ+BORRADOR SH.SP.076*;029387;LANCER;;;01;IVA
MERCADERIAS;ESCOLAR;SACAPUNTAS;024133;SACAPUNTA MAPED 1S BOOGY C/DEPOSITO 3110;3154140633110;MAPED;;;01;IVA
MERCADERIAS;ESCOLAR;SETS ESCOLARES;023767;SET NEON TIE DYE 5460;787909125460;CREANDO;;;01;IVA
MERCADERIAS;ESCOLAR;TABLEROS DE DIBUJO;002497;TABLERO ROTRING DIBUJO A3 S0213660 522110 2112;4006856522112;ROTRING;;;01;IVA
MERCADERIAS;ESCOLAR;TEMPERAS;004662;TEMPERA ARTESCO AMARILLO 250ML TEM004 5969;7750082005969;ARTESCO;;;01;IVA
MERCADERIAS;ESCOLAR;TEMPERAS;012319;TEMPERA ARTESCO CELESTE 250ML 6058;7750082006058;ARTESCO;;;01;IVA
MERCADERIAS;ESCOLAR;TEMPERAS;017638;TEMPERA ARTESCO NARANJA NEON 250ML 8951;7750082028951;ARTESCO;;;01;IVA
MERCADERIAS;ESCOLAR;TEMPERAS;003686;TEMPERA ARTESCO VERDE NEON 250ML 8944;7750082028944;ARTESCO;;;01;IVA
MERCADERIAS;ESCOLAR;TEMPERAS;019082;TEMPERA CARIOCA BL 250CC 8362;7861129528362;CARIOCA;;;01;IVA
MERCADERIAS;ESCOLAR;TEMPERAS;005238;TEMPERA CARIOCA X12COL 1089;7861129531089;CARIOCA;;;01;IVA
MERCADERIAS;ESCOLAR;TEMPERAS;011916;TEMPERA NATARAJ X6COL 3659;8901324003659;NATARAJ;;;01;IVA
MERCADERIAS;ESCOLAR;TIJERAS;017633;TIJERA ERICHKRAUSE 13.5CM JOY EK15033 0336;4041485150336;ERICHKRAUSE;;;01;IVA
MERCADERIAS;ESCOLAR;TIJERAS;003740;TIJERA LANCER 6.5CM OFICINA SH.TJ.106 2876;4712856532876;LANCER;;;01;IVA
MERCADERIAS;ESCOLAR;TIJERAS;024439;TIJERA MAPED 13CM SECURITY  473112 1126;3154144731126;MAPED;;;01;IVA
MERCADERIAS;ESCOLAR;TIJERAS;012242;TIJERA MAPED 13CM UNID PULSE 464212 2125;3154144642125;MAPED;;;01;IVA
MERCADERIAS;ESCOLAR;TIJERAS;010062;TIJERA MAPED ESSENTIALS GREEN 21CM 468110 1100;3154144681100;MAPED;;;01;IVA
MERCADERIAS;ESCOLAR;TIJERAS;000389;TIJERA MAPED SOFT 13CM 4129;3154144644129;MAPED;;;01;IVA
MERCADERIAS;ESCOLAR;TIJERAS;011927;TIJERA WEIBO 14CM PEQ WB-9055 0557;6924561190557;WEIBO;;;01;IVA
MERCADERIAS;ESCOLAR;TIJERAS;011928;TIJERA WEIBO GRAND WB-9085 0854;6924561190854;WEIBO;;;01;IVA
MERCADERIAS;ESCOLAR;TIZAS;010022;TIZA SIGMA V/COL X144UND SC02;010022;-;;;01;IVA
MERCADERIAS;FIESTAS Y CUMPLEAÑOS;ARTICULOS DE FIESTA;026988;BANDERIN MAMA PINK CA-BN-019;026988;-;;;01;IVA
MERCADERIAS;FIESTAS Y CUMPLEAÑOS;ARTICULOS DE FIESTA;027259;BASE BALLON P/GLOBOS 19 ESPACIOS BL.SG.100 2423;4895137952423;BALLON;;;01;IVA
MERCADERIAS;FIESTAS Y CUMPLEAÑOS;ARTICULOS DE FIESTA;010505;CARTEL D/BIENVENIDA;010505;-;;;01;IVA
MERCADERIAS;FIESTAS Y CUMPLEAÑOS;ARTICULOS DE FIESTA;013187;CORONA P/PASTEL X6PZ PT1867/4408;677916884408;-;;;01;IVA
MERCADERIAS;FIESTAS Y CUMPLEAÑOS;ARTICULOS DE FIESTA;013193;CORONILLAS P/PASTEL PARTY PT676/3717;677916863717;-;;;01;IVA
MERCADERIAS;FIESTAS Y CUMPLEAÑOS;ARTICULOS DE FIESTA;013183;CORONILLAS P/PASTELILLOS UNICOR X12 PT1815/3600;677916873600;-;;;01;IVA
MERCADERIAS;FIESTAS Y CUMPLEAÑOS;ARTICULOS DE FIESTA;016636;CORTINA OROPEL PLATA ECO 2105C-1/2003F-1/2305A-02*;016636;SIN MARCA;;;01;IVA
MERCADERIAS;FIESTAS Y CUMPLEAÑOS;ARTICULOS DE FIESTA;026839;CORTINA OROPEL PLATA TORNASOL CUADROS/PUNTOS;026839;-;;;01;IVA
MERCADERIAS;FIESTAS Y CUMPLEAÑOS;ARTICULOS DE FIESTA;026840;CORTINA OROPEL ROSADA TORNASOL CUADROS/PUNTOS;026840;-;;;01;IVA
MERCADERIAS;FIESTAS Y CUMPLEAÑOS;ARTICULOS DE FIESTA;026845;CORTINA OROPEL VERDE CLARO CUADROS/PUNTOS;026845;-;;;01;IVA
MERCADERIAS;FIESTAS Y CUMPLEAÑOS;ARTICULOS DE FIESTA;026836;CORTINA OROPEL VERDE CLARO TORNASOL CUADROS;026836;-;;;01;IVA
MERCADERIAS;FIESTAS Y CUMPLEAÑOS;ARTICULOS DE FIESTA;026844;CORTINA OROPEL VERDE CUADROS/PUNTOS;026844;-;;;01;IVA
MERCADERIAS;FIESTAS Y CUMPLEAÑOS;ARTICULOS DE FIESTA;017416;FRASES FELIZ CUMPLEAÑOS VINILO/GRAN;017416;-;;;01;IVA
MERCADERIAS;FIESTAS Y CUMPLEAÑOS;ARTICULOS DE FIESTA;017417;FRASES TE AMO /VINILO;017417;-;;;01;IVA
MERCADERIAS;FIESTAS Y CUMPLEAÑOS;ARTICULOS DE FIESTA;026838;GUIRNALDA OROPEL DORADA PT03-085-08 4606;6981606484606;SIN MARCA;;;01;IVA
MERCADERIAS;FIESTAS Y CUMPLEAÑOS;ARTICULOS DE FIESTA;013982;LETRERO/BANDERA LOVE FLOMO AV891/AV939/7921/3761;677916857921;FLOMO;;;01;IVA
MERCADERIAS;FIESTAS Y CUMPLEAÑOS;ARTICULOS DE FIESTA;027592;LETRERO/BANDERA LOVE FLOMO AV891/AV939/7921/3761;677916873761;-;;;01;IVA
MERCADERIAS;FIESTAS Y CUMPLEAÑOS;ARTICULOS DE FIESTA;027093;TOPPER NUMERO #4 PVC FC/AZ/CB/PL/DR 5*24CM 12205/06/09/04/07-4;027093;-;;;01;IVA
MERCADERIAS;FIESTAS Y CUMPLEAÑOS;ARTICULOS DE FIESTA;027095;TOPPER NUMERO #6 PVC FC/AZ/CB/PL 5*24CM 12205/06/09/04-6;027095;-;;;01;IVA
MERCADERIAS;FIESTAS Y CUMPLEAÑOS;ARTICULOS DE FIESTA;027092;TOPPER NUMERO #7 PVC FC/AZ/CB/PL 5*24CM 12205/06/09/04-7;027092;-;;;01;IVA
MERCADERIAS;FIESTAS Y CUMPLEAÑOS;ARTICULOS DE FIESTA;027091;TOPPER NUMERO #8 PVC FC/AZ/CB/PL 5*24CM 12205/06/09/04-8;027091;-;;;01;IVA
MERCADERIAS;FIESTAS Y CUMPLEAÑOS;ARTICULOS DE FIESTA;004910;VASO CARTON IMPRESO 6 OZ DESECHABLE X25UND*;004910;SIN MARCA;;;01;IVA
MERCADERIAS;FIESTAS Y CUMPLEAÑOS;ARTICULOS DE FIESTA;004911;VASO CARTON IMPRESO 6 OZ DESECHABLE X50UND 9102;004911;SIN MARCA;;;01;IVA
MERCADERIAS;FIESTAS Y CUMPLEAÑOS;CAJAS REGALO;012708;ANCHETA PANCARTA PEQUEÑA APP;012708;-;;;01;IVA
MERCADERIAS;FIESTAS Y CUMPLEAÑOS;CAJAS REGALO;004534;ARREGLO CUMPLEAÑOS PEQUEÑO;004534;CREANDO;;;01;IVA
MERCADERIAS;FIESTAS Y CUMPLEAÑOS;CAJAS REGALO;012706;CAJA P/TORTA MEDI C/PRE;012706;-;;;01;IVA
MERCADERIAS;FIESTAS Y CUMPLEAÑOS;CAJAS REGALO;012707;CAJA P/TORTA PEQ C/PRE;012707;-;;;01;IVA
MERCADERIAS;FIESTAS Y CUMPLEAÑOS;CAJAS REGALO;012704;CAJA REG CILINDRO IM24-2366 14X14X11.5 3669;6906942423669;MARCEL;;;01;IVA
MERCADERIAS;FIESTAS Y CUMPLEAÑOS;CAJAS REGALO;029298;CAJA REGALO 10407-1 CARTON C/LAZO 0712;6920221040712;-;;;01;IVA
MERCADERIAS;FIESTAS Y CUMPLEAÑOS;CAJAS REGALO;017405;CAJA REGALO ARMABLE VERDE FIX;017405;-;;;01;IVA
MERCADERIAS;FIESTAS Y CUMPLEAÑOS;CAJAS REGALO;023246;CAJA REGALO CORAZON RJ F/DR PEQ  IM23-0364*;023246;MARCEL;;;01;IVA
MERCADERIAS;FIESTAS Y CUMPLEAÑOS;CAJAS REGALO;027102;CAJA REGALO CUADRA/LAZO DIVISI PEQ 0014079 0232;6920200000232;-;;;01;IVA
MERCADERIAS;FIESTAS Y CUMPLEAÑOS;CAJAS REGALO;010570;CAJA REGALO CUADRAD GRAND C/LAZO/CINTA IM21-569/71/72/70;010570;MARCEL;;;01;IVA
MERCADERIAS;FIESTAS Y CUMPLEAÑOS;CAJAS REGALO;023255;CAJA REGALO CUADRAD GRAND RJ AVES 3D GI19-0694;7868201906940;-;;;01;IVA
MERCADERIAS;FIESTAS Y CUMPLEAÑOS;CAJAS REGALO;023256;CAJA REGALO CUADRAD MED RJ AVES 3D GI19-0694;023256;-;;;01;IVA
MERCADERIAS;FIESTAS Y CUMPLEAÑOS;CAJAS REGALO;023240;CAJA REGALO CUADRAD PEQ V/COL*;023240;-;;;01;IVA
MERCADERIAS;FIESTAS Y CUMPLEAÑOS;CAJAS REGALO;004540;CAJA REGALO CUADRAD PEQ VM/ESTRELL IM21-990;004540;-;;;01;IVA
MERCADERIAS;FIESTAS Y CUMPLEAÑOS;CAJAS REGALO;029296;CAJA REGALO GDE 10407-3 CARTON  /LAZO 0736;6920221040736;-;;;01;IVA
MERCADERIAS;FIESTAS Y CUMPLEAÑOS;CAJAS REGALO;013134;CAJA REGALO KRAFF  P/DULCES GRAND UN C/VENTAN/G IC698-33;6901202030021;CREANDO;;;01;IVA
MERCADERIAS;FIESTAS Y CUMPLEAÑOS;CAJAS REGALO;017809;CAJA REGALO KRAFF CUAD C/CINTA IC947-2 7704*;017809;CREANDO;;;01;IVA
MERCADERIAS;FIESTAS Y CUMPLEAÑOS;CAJAS REGALO;014091;CAJA REGALO KRAFF CUAD C/TAPA ACETATO IC1057-01 7011*;014091;CREANDO;;;01;IVA
MERCADERIAS;FIESTAS Y CUMPLEAÑOS;CAJAS REGALO;029299;CAJA REGALO MED 10407-2 CARTON  /LAZO 0729;6920221040729;-;;;01;IVA
MERCADERIAS;FIESTAS Y CUMPLEAÑOS;CAJAS REGALO;029297;CAJA REGALO PEQ 10407-4 CARTON  /LAZO 0743;6920221040743;-;;;01;IVA
MERCADERIAS;FIESTAS Y CUMPLEAÑOS;CAJAS REGALO;004541;CAJA REGALO RECTANG MED C/LAZO/FINO IM21-597 137275;004541;MARCEL;;;01;IVA
MERCADERIAS;FIESTAS Y CUMPLEAÑOS;CELOMAGICOS;025596;CELOMAGICO BRILL UNID FLORES LARGAS/DR 1831-76;025596;CREANDO;;;01;IVA
MERCADERIAS;FIESTAS Y CUMPLEAÑOS;CELOMAGICOS;012717;CELOMAGICO FIESTA 30MM V/COL EP81410123/1238;012717;-;;;01;IVA
MERCADERIAS;FIESTAS Y CUMPLEAÑOS;CELOMAGICOS;025597;CELOMAGICO UNID RS ESTAMP/COR F/DR 3CM 2019-102 6002668;025597;CREANDO;;;01;IVA
MERCADERIAS;FIESTAS Y CUMPLEAÑOS;CELOMAGICOS;029304;LAZO MAGICO RJ F/DR ADO-2220-23 0233*;029304;-;;;01;IVA
MERCADERIAS;FIESTAS Y CUMPLEAÑOS;CELOMAGICOS;029275;LAZO MAGICO RJ FILO/DR ROSAS ADO-2220-30/0301 32mm*;029275;-;;;01;IVA
MERCADERIAS;FIESTAS Y CUMPLEAÑOS;CELOMAGICOS;029302;LAZO MAGICO VARIOS COLORES ADO-2220-28/0288*;029302;-;;;01;IVA
MERCADERIAS;FIESTAS Y CUMPLEAÑOS;DISFRACES / HALLOWEEN;016994;DISFRAZ JUEGO DE CALAMAR L ROJO 3786;6971254553786;SIN MARCA;;;01;IVA
MERCADERIAS;FIESTAS Y CUMPLEAÑOS;DISFRACES / HALLOWEEN;023267;DISFRAZ MERLINA XL-M-L NEGRO 8204 6371*;023267;SIN MARCA;;;01;IVA
MERCADERIAS;FIESTAS Y CUMPLEAÑOS;FUNDAS REGALO;017797;BOLSA KRAFF T/CARTERA GRAND IC520-59;017797;-;;;01;IVA
MERCADERIAS;FIESTAS Y CUMPLEAÑOS;FUNDAS REGALO;017794;BOLSA KRAFF T/CARTERA IC520-60 2COL;017794;-;;;01;IVA
MERCADERIAS;FIESTAS Y CUMPLEAÑOS;FUNDAS REGALO;017795;BOLSA KRAFF T/CARTERA MED IC520-61 2COL;017795;-;;;01;IVA
MERCADERIAS;FIESTAS Y CUMPLEAÑOS;FUNDAS REGALO;017796;BOLSA KRAFF T/CARTERA PEQ IC520-58;017796;-;;;01;IVA
MERCADERIAS;FIESTAS Y CUMPLEAÑOS;FUNDAS REGALO;014090;BOLSA SATEN MED 4X5 V/COL X2U WB377A/B;775749217216;-;;;01;IVA
MERCADERIAS;FIESTAS Y CUMPLEAÑOS;FUNDAS REGALO;014089;BOLSA SATEN PEQ 3X4 V/COL X3U WB367A/B/E;775749217193;-;;;01;IVA
MERCADERIAS;FIESTAS Y CUMPLEAÑOS;FUNDAS REGALO;013985;BOLSAS DE REGALO CORAZON X6PZ FLOMO AV929/3877;677916873877;FLOMO;;;01;IVA
MERCADERIAS;FIESTAS Y CUMPLEAÑOS;FUNDAS REGALO;013988;FUNDA DE CELLO X2U FLOMO CB601/6419;677916716419;FLOMO;;;01;IVA
MERCADERIAS;FIESTAS Y CUMPLEAÑOS;FUNDAS REGALO;016977;FUNDA REG AM YM-52611;7861161526111;CREANDO;;;01;IVA
MERCADERIAS;FIESTAS Y CUMPLEAÑOS;FUNDAS REGALO;004535;FUNDA REG BOTELLA V/COL C/VENTANA IC456-7 C130-06/07/04/08;004535;-;;;01;IVA
MERCADERIAS;FIESTAS Y CUMPLEAÑOS;FUNDAS REGALO;023259;FUNDA REG JUMBO C/ENTERO V/COL IM21-099 0995;6904960210995;CREANDO;;;01;IVA
MERCADERIAS;FIESTAS Y CUMPLEAÑOS;FUNDAS REGALO;025303;FUNDA REG JUST FOR YOU S 23955 9550;802141239550;CREANDO;;;01;IVA
MERCADERIAS;FIESTAS Y CUMPLEAÑOS;FUNDAS REGALO;016975;FUNDA REG KFRAF LARGE V/COL HORIZONTAL 30X25X12CM 5594;6920242225594;SIN MARCA;;;01;IVA
MERCADERIAS;FIESTAS Y CUMPLEAÑOS;FUNDAS REGALO;013169;FUNDA REG KRAFF CUADRAD 30X30CM EP817;013169;CREANDO;;;01;IVA
MERCADERIAS;FIESTAS Y CUMPLEAÑOS;FUNDAS REGALO;013165;FUNDA REG KRAFF LARGE 33X24X8CM 5648;6920242225648;SIN MARCA;;;01;IVA
MERCADERIAS;FIESTAS Y CUMPLEAÑOS;FUNDAS REGALO;002555;FUNDA REG KRAFF LARGE LEX00063 FU.MP31K 0002;6956629320002;SIN MARCA;;;01;IVA
MERCADERIAS;FIESTAS Y CUMPLEAÑOS;FUNDAS REGALO;002557;FUNDA REG KRAFF MED 22X27X11CM LEX00136 0401*;002557;SIN MARCA;;;01;IVA
MERCADERIAS;FIESTAS Y CUMPLEAÑOS;FUNDAS REGALO;013167;FUNDA REG KRAFT C/VENT 30X20X15CM EP81780405;013167;CREANDO;;;01;IVA
MERCADERIAS;FIESTAS Y CUMPLEAÑOS;FUNDAS REGALO;010447;FUNDA REG LARGE BABY 26X10X32 YXL-1461M 7631;6956702537631;SIN MARCA;;;01;IVA
MERCADERIAS;FIESTAS Y CUMPLEAÑOS;FUNDAS REGALO;010450;FUNDA REG LARGE D/CARTON Y YUTE IM19-1644/1646;6904964916442;MARCEL;;;01;IVA
MERCADERIAS;FIESTAS Y CUMPLEAÑOS;FUNDAS REGALO;023766;FUNDA REG LARGE V/C HS932L 6814;677916896814;CREANDO;;;01;IVA
MERCADERIAS;FIESTAS Y CUMPLEAÑOS;FUNDAS REGALO;016964;FUNDA REG LARGE V/MODELOS SKU49/34;7707275927485;CREANDO;;;01;IVA
MERCADERIAS;FIESTAS Y CUMPLEAÑOS;FUNDAS REGALO;016976;FUNDA REG LL AMOR YM-52610;7861161526104;CREANDO;;;01;IVA
MERCADERIAS;FIESTAS Y CUMPLEAÑOS;FUNDAS REGALO;010446;FUNDA REG MED BABY 18X10X23 YXL-1416S 7624;6956702537624;SIN MARCA;;;01;IVA
MERCADERIAS;FIESTAS Y CUMPLEAÑOS;FUNDAS REGALO;013171;FUNDA REG MED C/VENT V/COL 2406M FDA292M*;013171;SIN MARCA;;;01;IVA
MERCADERIAS;FIESTAS Y CUMPLEAÑOS;FUNDAS REGALO;010444;FUNDA REG MED RJ LOVE YOU IM19-1479/4790;6904964914790;MARCEL;;;01;IVA
MERCADERIAS;FIESTAS Y CUMPLEAÑOS;FUNDAS REGALO;023263;FUNDA REG MED T/CARTERA FLORES V/COL IM21-089 0896;6904960210896;CREANDO;;;01;IVA
MERCADERIAS;FIESTAS Y CUMPLEAÑOS;FUNDAS REGALO;004555;FUNDA REG MED WELCOME 10X23X10CM GI19-0126/0484;7868654330484;MARCEL;;;01;IVA
MERCADERIAS;FIESTAS Y CUMPLEAÑOS;FUNDAS REGALO;023262;FUNDA REG PEQ T/CARTERA FLORES V/COL IM21-088 0889;6904960210889;CREANDO;;;01;IVA
MERCADERIAS;FIESTAS Y CUMPLEAÑOS;FUNDAS REGALO;003602;FUNDA REG PLASTIC AM C/CORDON IC656-1;003602;-;;;01;IVA
MERCADERIAS;FIESTAS Y CUMPLEAÑOS;FUNDAS REGALO;001452;FUNDA REG PRIMAVERA JUMBO HOLOG SKU19 9885;7707275929885;PRIMAVERA;;;01;IVA
MERCADERIAS;FIESTAS Y CUMPLEAÑOS;FUNDAS REGALO;016979;FUNDA YM-52665 LG LILA CUMPLEANOS;7861161526654;-;;;01;IVA
MERCADERIAS;FIESTAS Y CUMPLEAÑOS;GLOBOS;029314;BOUQUET BALLONS GLOBOS X5UND CACTUS 7561;6920212107561;-;;;01;IVA
MERCADERIAS;FIESTAS Y CUMPLEAÑOS;GLOBOS;024793;BOUQUET GLOBO 5 PZS I LOVE YOU 823568 6953;6985693656953;-;;;01;IVA
MERCADERIAS;FIESTAS Y CUMPLEAÑOS;GLOBOS;024795;BOUQUET GLOBO 5 PZS I LOVE YOU/CORAZON 823566;6985693656960;-;;;01;IVA
MERCADERIAS;FIESTAS Y CUMPLEAÑOS;GLOBOS;024724;BOUQUET GLOBO ALUMINIO #1 ORO RS PEQ BALLOONS 821005;024724;-;;;01;IVA
MERCADERIAS;FIESTAS Y CUMPLEAÑOS;GLOBOS;024716;BOUQUET GLOBO ALUMINIO #3 PL PEQ BALLOONS 821004;024716;-;;;01;IVA
MERCADERIAS;FIESTAS Y CUMPLEAÑOS;GLOBOS;024717;BOUQUET GLOBO ALUMINIO #4 PL PEQ BALLOONS 821004;024717;-;;;01;IVA
MERCADERIAS;FIESTAS Y CUMPLEAÑOS;GLOBOS;024719;BOUQUET GLOBO ALUMINIO #6 PL PEQ BALLOONS 821004;024719;-;;;01;IVA
MERCADERIAS;FIESTAS Y CUMPLEAÑOS;GLOBOS;024721;BOUQUET GLOBO ALUMINIO #8 PL PEQ BALLOONS 821004;024721;-;;;01;IVA
MERCADERIAS;FIESTAS Y CUMPLEAÑOS;GLOBOS;024732;BOUQUET GLOBO ALUMINIO #9 ORO RS PEQ BALLOONS 821005;024732;-;;;01;IVA
MERCADERIAS;FIESTAS Y CUMPLEAÑOS;GLOBOS;024799;BOUQUET GLOBO CORAZON RJ C/BASE/CIRC V/PZS IC329-130 1307;6000025481307;-;;;01;IVA
MERCADERIAS;FIESTAS Y CUMPLEAÑOS;GLOBOS;029313;BOUQUET GLOBOS 5PCS GLO-2107-55 COLA PESC 7554;6920212107554;-;;;01;IVA
MERCADERIAS;FIESTAS Y CUMPLEAÑOS;GLOBOS;001008;GLOBO ALUMINIO ORO ROSA GRA 0;001008;-;;;01;IVA
MERCADERIAS;FIESTAS Y CUMPLEAÑOS;GLOBOS;000334;GLOBO ALUMINIO PLATEADO GRA 7;000334;-;;;01;IVA
MERCADERIAS;FIESTAS Y CUMPLEAÑOS;GLOBOS;016956;GLOBO ALUMINIO PLATEADO PEQ 2;016956;-;;;01;IVA
MERCADERIAS;FIESTAS Y CUMPLEAÑOS;GLOBOS;016958;GLOBO ALUMINIO PLATEADO PEQ 3;016958;-;;;01;IVA
